Model,Test Accuracy,CV Mean,CV Std,Training Time (s)
Svm,0.49,0.4925,0.014469796128487769,0.14611339569091797
Random Forest,0.485,0.49375,0.011858541225631404,0.4967000484466553
Stacking,0.485,0.0,0.0,2.3421342372894287
Voting,0.475,0.0,0.0,0.640516996383667
Decision Tree,0.46,0.49000000000000005,0.012869537676233755,0.0
